{
  "id": "iching",
  "name": "주역 64괘 (I Ching)",
  "image_dir": "iching",
  "back_image": "iching/card-back.jpg",
  "cards": [
    { "code": "1", "korean": "건위천", "hanja": "乾爲天" },
    { "code": "2", "korean": "중지곤", "hanja": "重地坤" },
    { "code": "3", "korean": "수뢰둔", "hanja": "水雷屯" },
    { "code": "4", "korean": "산수몽", "hanja": "山水蒙" },
    { "code": "5", "korean": "수천수", "hanja": "水天需" },
    { "code": "6", "korean": "천수송", "hanja": "天水訟" },
    { "code": "7", "korean": "지수사", "hanja": "地水師" },
    { "code": "8", "korean": "수지비", "hanja": "水地比" },
    { "code": "9", "korean": "풍천소축", "hanja": "風天小畜" },
    { "code": "10", "korean": "천택리", "hanja": "天澤履" },
    { "code": "11", "korean": "지천태", "hanja": "地天泰" },
    { "code": "12", "korean": "천지비", "hanja": "天地否" },
    { "code": "13", "korean": "천화동인", "hanja": "天화同人" },
    { "code": "14", "korean": "화천대유", "hanja": "火天大有" },
    { "code": "15", "korean": "지산겸", "hanja": "地山謙" },
    { "code": "16", "korean": "뢰지예", "hanja": "雷地豫" },
    { "code": "17", "korean": "택뢰수", "hanja": "澤雷隨" },
    { "code": "18", "korean": "산풍고", "hanja": "山風蠱" },
    { "code": "19", "korean": "지택림", "hanja": "地澤臨" },
    { "code": "20", "korean": "풍지관", "hanja": "風地觀" },
    { "code": "21", "korean": "화뢰서합", "hanja": "火雷噬嗑" },
    { "code": "22", "korean": "산화비", "hanja": "山火賁" },
    { "code": "23", "korean": "산지박", "hanja": "山地剝" },
    { "code": "24", "korean": "지뢰복", "hanja": "地雷復" },
    { "code": "25", "korean": "천뢰무망", "hanja": "天雷无妄" },
    { "code": "26", "korean": "산천대축", "hanja": "山天大畜" },
    { "code": "27", "korean": "산뢰이", "hanja": "山雷頤" },
    { "code": "28", "korean": "택풍대과", "hanja": "澤風大過" },
    { "code": "29", "korean": "중수감", "hanja": "重水坎" },
    { "code": "30", "korean": "중화리", "hanja": "重火離" },
    { "code": "31", "korean": "택산함", "hanja": "澤山咸" },
    { "code": "32", "korean": "뢰풍항", "hanja": "雷風恒" },
    { "code": "33", "korean": "천산돈", "hanja": "天山遯" },
    { "code": "34", "korean": "뢰천대장", "hanja": "雷天大壯" },
    { "code": "35", "korean": "화지진", "hanja": "火地晉" },
    { "code": "36", "korean": "지화명이", "hanja": "地火明夷" },
    { "code": "37", "korean": "풍화가인", "hanja": "風火家人" },
    { "code": "38", "korean": "화택규", "hanja": "火澤睽" },
    { "code": "39", "korean": "수산건", "hanja": "水山蹇" },
    { "code": "40", "korean": "뢰수해", "hanja": "雷水解" },
    { "code": "41", "korean": "산택손", "hanja": "山澤損" },
    { "code": "42", "korean": "풍뢰익", "hanja": "風雷益" },
    { "code": "43", "korean": "택천쾌", "hanja": "澤天夬" },
    { "code": "44", "korean": "천풍구", "hanja": "天風姤" },
    { "code": "45", "korean": "택지췌", "hanja": "澤地萃" },
    { "code": "46", "korean": "지풍승", "hanja": "地風升" },
    { "code": "47", "korean": "택수곤", "hanja": "澤水困" },
    { "code": "48", "korean": "수풍정", "hanja": "水風井" },
    { "code": "49", "korean": "택화혁", "hanja": "澤火革" },
    { "code": "50", "korean": "화풍정", "hanja": "火風鼎" },
    { "code": "51", "korean": "중뢰진", "hanja": "重雷震" },
    { "code": "52", "korean": "중산간", "hanja": "重山艮" },
    { "code": "53", "korean": "풍산점", "hanja": "風山漸" },
    { "code": "54", "korean": "뢰택귀매", "hanja": "雷澤歸妹" },
    { "code": "55", "korean": "뢰화풍", "hanja": "雷火豐" },
    { "code": "56", "korean": "화산려", "hanja": "火山旅" },
    { "code": "57", "korean": "중풍손", "hanja": "重風巽" },
    { "code": "58", "korean": "중택태", "hanja": "重澤兌" },
    { "code": "59", "korean": "풍수환", "hanja": "風水渙" },
    { "code": "60", "korean": "수택절", "hanja": "水澤節" },
    { "code": "61", "korean": "풍택중부", "hanja": "風澤中孚" },
    { "code": "62", "korean": "뢰산소과", "hanja": "雷山小過" },
    { "code": "63", "korean": "수화기제", "hanja": "水火既濟" },
    { "code": "64", "korean": "화수미제", "hanja": "火水未濟" }
  ]
}
