{
  "id": "rws",
  "name": "라이더-웨이트 (RWS)",
  "image_dir": "cards",
  "back_image": "cards/card-back.jpg",
  "cards": [
    { "code": "00", "name": "The Fool" },
    { "code": "01", "name": "The Magician" },
    { "code": "02", "name": "The High Priestess" },
    { "code": "03", "name": "The Empress" },
    { "code": "04", "name": "The Emperor" },
    { "code": "05", "name": "The Hierophant" },
    { "code": "06", "name": "The Lovers" },
    { "code": "07", "name": "The Chariot" },
    { "code": "08", "name": "Strength" },
    { "code": "09", "name": "The Hermit" },
    { "code": "10", "name": "The Wheel of Fortune" },
    { "code": "11", "name": "Justice" },
    { "code": "12", "name": "The Hanged Man" },
    { "code": "13", "name": "Death" },
    { "code": "14", "name": "Temperance" },
    { "code": "15", "name": "The Devil" },
    { "code": "16", "name": "The Tower" },
    { "code": "17", "name": "The Star" },
    { "code": "18", "name": "The Moon" },
    { "code": "19", "name": "The Sun" },
    { "code": "20", "name": "Judgement" },
    { "code": "21", "name": "The World" },

    { "code": "22", "name": "King of Pentacles" },
    { "code": "23", "name": "Queen of Pentacles" },
    { "code": "24", "name": "Knight of Pentacles" },
    { "code": "25", "name": "Page of Pentacles" },
    { "code": "26", "name": "Ace of Pentacles" },
    { "code": "27", "name": "Two of Pentacles" },
    { "code": "28", "name": "Three of Pentacles" },
    { "code": "29", "name": "Four of Pentacles" },
    { "code": "30", "name": "Five of Pentacles" },
    { "code": "31", "name": "Six of Pentacles" },
    { "code": "32", "name": "Seven of Pentacles" },
    { "code": "33", "name": "Eight of Pentacles" },
    { "code": "34", "name": "Nine of Pentacles" },
    { "code": "35", "name": "Ten of Pentacles" },

    { "code": "36", "name": "King of Cups" },
    { "code": "37", "name": "Queen of Cups" },
    { "code": "38", "name": "Knight of Cups" },
    { "code": "39", "name": "Page of Cups" },
    { "code": "40", "name": "Ace of Cups" },
    { "code": "41", "name": "Two of Cups" },
    { "code": "42", "name": "Three of Cups" },
    { "code": "43", "name": "Four of Cups" },
    { "code": "44", "name": "Five of Cups" },
    { "code": "45", "name": "Six of Cups" },
    { "code": "46", "name": "Seven of Cups" },
    { "code": "47", "name": "Eight of Cups" },
    { "code": "48", "name": "Nine of Cups" },
    { "code": "49", "name": "Ten of Cups" },

    { "code": "50", "name": "King of Swords" },
    { "code": "51", "name": "Queen of Swords" },
    { "code": "52", "name": "Knight of Swords" },
    { "code": "53", "name": "Page of Swords" },
    { "code": "54", "name": "Ace of Swords" },
    { "code": "55", "name": "Two of Swords" },
    { "code": "56", "name": "Three of Swords" },
    { "code": "57", "name": "Four of Swords" },
    { "code": "58", "name": "Five of Swords" },
    { "code": "59", "name": "Six of Swords" },
    { "code": "60", "name": "Seven of Swords" },
    { "code": "61", "name": "Eight of Swords" },
    { "code": "62", "name": "Nine of Swords" },
    { "code": "63", "name": "Ten of Swords" },

    { "code": "64", "name": "King of Wands" },
    { "code": "65", "name": "Queen of Wands" },
    { "code": "66", "name": "Knight of Wands" },
    { "code": "67", "name": "Page of Wands" },
    { "code": "68", "name": "Ace of Wands" },
    { "code": "69", "name": "Two of Wands" },
    { "code": "70", "name": "Three of Wands" },
    { "code": "71", "name": "Four of Wands" },
    { "code": "72", "name": "Five of Wands" },
    { "code": "73", "name": "Six of Wands" },
    { "code": "74", "name": "Seven of Wands" },
    { "code": "75", "name": "Eight of Wands" },
    { "code": "76", "name": "Nine of Wands" },
    { "code": "77", "name": "Ten of Wands" }
  ]
}
