{
  "id": "thoth",
  "name": "토트 (Thoth)",
  "image_dir": "thothcards",
  "back_image": "thothcards/card-back.jpg",
  "cards": [
    { "code": "00", "name": "The Fool" },
    { "code": "01", "name": "The Juggler" },
    { "code": "02", "name": "The High Priestess" },
    { "code": "03", "name": "The Empress" },
    { "code": "04", "name": "The Emperor" },
    { "code": "05", "name": "The Hierophant" },
    { "code": "06", "name": "The Lovers" },
    { "code": "07", "name": "The Chariot" },
    { "code": "08", "name": "Adjustment" },
    { "code": "09", "name": "The Hermit" },
    { "code": "10", "name": "Fortune" },
    { "code": "11", "name": "Lust" },
    { "code": "12", "name": "The Hanged Man" },
    { "code": "13", "name": "Death" },
    { "code": "14", "name": "Art" },
    { "code": "15", "name": "The Devil" },
    { "code": "16", "name": "The Tower" },
    { "code": "17", "name": "The Star" },
    { "code": "18", "name": "The Moon" },
    { "code": "19", "name": "The Sun" },
    { "code": "20", "name": "The Aeon" },
    { "code": "21", "name": "The Universe" },

    { "code": "22", "name": "Root of the Forces of Fire" },
    { "code": "23", "name": "Dominion" },
    { "code": "24", "name": "Virtue" },
    { "code": "25", "name": "Completion" },
    { "code": "26", "name": "Strife" },
    { "code": "27", "name": "Victory" },
    { "code": "28", "name": "Valour" },
    { "code": "29", "name": "Swiftness" },
    { "code": "30", "name": "Strength" },
    { "code": "31", "name": "Oppression" },

    { "code": "32", "name": "Knight of Wands" },
    { "code": "33", "name": "Queen of Wands" },
    { "code": "34", "name": "Prince of Wands" },
    { "code": "35", "name": "Princess of Wands" },

    { "code": "36", "name": "Ace of Cups" },
    { "code": "37", "name": "Love" },
    { "code": "38", "name": "Abundance" },
    { "code": "39", "name": "Luxury" },
    { "code": "40", "name": "Disappointment" },
    { "code": "41", "name": "Pleasure" },
    { "code": "42", "name": "Debauch" },
    { "code": "43", "name": "Indolence" },
    { "code": "44", "name": "Happiness" },
    { "code": "45", "name": "Satiety" },

    { "code": "46", "name": "Knight of Cups" },
    { "code": "47", "name": "Queen of Cups" },
    { "code": "48", "name": "Prince of Cups" },
    { "code": "49", "name": "Princess of Cups" },

    { "code": "50", "name": "Ace of Swords" },
    { "code": "51", "name": "Peace" },
    { "code": "52", "name": "Sorrow" },
    { "code": "53", "name": "Truce" },
    { "code": "54", "name": "Defeat" },
    { "code": "55", "name": "Science" },
    { "code": "56", "name": "Futility" },
    { "code": "57", "name": "Interference" },
    { "code": "58", "name": "Cruelty" },
    { "code": "59", "name": "Ruin" },

    { "code": "60", "name": "Knight of Swords" },
    { "code": "61", "name": "Queen of Swords" },
    { "code": "62", "name": "Prince of Swords" },
    { "code": "63", "name": "Princess of Swords" },

    { "code": "64", "name": "Root of the Powers of the Earth" },
    { "code": "65", "name": "Change" },
    { "code": "66", "name": "Work" },
    { "code": "67", "name": "Power" },
    { "code": "68", "name": "Worry" },
    { "code": "69", "name": "Success" },
    { "code": "70", "name": "Failure" },
    { "code": "71", "name": "Prudence" },
    { "code": "72", "name": "Gain" },
    { "code": "73", "name": "Wealth" },

    { "code": "74", "name": "Knight of Disks" },
    { "code": "75", "name": "Queen of Disks" },
    { "code": "76", "name": "Prince of Disks" },
    { "code": "77", "name": "Princess of Disks" }
  ]
}
